Transaction_ID,Customer_Name,Customer_Age,Gender,City,Customer_Rating,Product_Category,Product_SubCategory,Quantity_Ordered,Unit_Price_PKR,Discount_Percent,Total_Amount_PKR,Payment_Method,Order_Date,Delivery_Status,Shipping_Cost_PKR,Is_VIP_Member,Customer_Feedback,Store_Branch,Return_Requested,
1000,Sania Abbas,41,M,Peshawar,3.8,Sports,Shoes,8,4100,20,32800,COD,2023-08-20,Delivered,500,No,Good quality,Branch_B,No,Shoes
1001,Noor Bibi,30,M,Multan,4.2,Books,Laptops,4,45000,20,180000,jazzcash,2023-12-12,Pending,150,No,Damaged packaging,Branch_C,No,Laptops
1006,Ali Mehmood,18,F,Peshawar,1.2,Clothing,Shoes,7,2500,20%,17500,COD,2023-06-07,Cancelled,300,Yes,Satisfied,Branch_B,No,Shoes
1009,ASAD KHAN,33,F,Karachi,1.8,Clothing,Shoes,7,2200,10%,15400,COD,2023-08-21,Delivered,300,Yes,Worst experience,Branch_A,Yes,Shoes
1009,ASAD KHAN,33,F,Karachi,1.8,Clothing,Shoes,7,2200,10%,15400,COD,2023-08-21,Delivered,300,Yes,Worst experience,Branch_A,Yes,Shoes
1013,Umer Ahmed,32,M,Faisalabad,2.8,Books,Fitness,3,8500,25%,25500,Credit Card,2023-06-13,Delivered,300,No,Good quality,Branch_A,No,Fitness
1018,  kashif bilal  ,40,M,Rawalpindi,3.8,Clothing,Mobiles,1,5300,20,5300,COD,2023-03-05,Pending,300,Yes,Satisfied,Branch_A,No,Mobiles
1020,Hamza Hayat,42,M,Peshawar,4.5,Beauty,Decor,4,3200,5,12800,jazzcash,2023-04-13,Pending,150,Yes,Valuable,Branch_A,No,Decor
1021,Asad Bibi,39,M,Multan,3.1,Sports,Skincare,2,3200,20%,6400,Credit Card,2023-11-10,Delivered,0,No,Very slow shipping,Branch_C,No,Skincare
1022,Zainab Mustafa,39,M,Peshawar,4.9,Electronics,Fitness,3,8500,5%,25500,jazzcash,2023-10-10,Delivered,500,No,Okayish,Branch_C,No,Fitness
1026,  tariq bibi  ,60,M,Faisalabad,2.4,Beauty,Shirts,5,1800,20,9000,Credit Card,2023-09-11,Delivered,200,No,Satisfied,Branch_B,No,Shirts
1027,Noor Khan,54,F,Rawalpindi,2.4,Sports,Skincare,5,1200,25%,6000,COD,2023-12-05,Delivered,150,Yes,Satisfied,Branch_B,No,Skincare
1030,Umer Mirza,61,M,Karachi,3.1,Books,Decor,2,3200,15%,6400,bank transfer,2023-12-27,Pending,0,No,Satisfied,Branch_A,No,Decor
1035, Ayesha Hayat ,23,M,Islamabad,2.3,Home & Kitchen,Fiction,8,2500,15%,20000,COD,2023-01-17,Delivered,300,No,Satisfied,Branch_B,No,Fiction
1036, Umer Umar ,62,F,Lahore,1.4,Clothing,Fiction,1,18000,5,18000,Credit Card,2023-10-12,Shipped,150,No,Okayish,Branch_C,No,Fiction
1037,KASHIF RAZA,49,M,Lahore,2.9,Electronics,Shirts,8,4100,25,32800,Credit Card,2023-02-24,Pending,200,Yes,Damaged packaging,Branch_A,No,Shirts
1041,  hamza raza  ,57,M,Lahore,2.5,Electronics,Shirts,3,18000,10%,54000,jazzcash,2023-06-20,Pending,500,No,Damaged packaging,Branch_A,Yes,Shirts
1043,  bilal mehmood  ,30,F,Quetta,4.5,Clothing,Laptops,9,8500,20%,76500,jazzcash,2023-12-23,Delivered,250,Yes,Valuable,Branch_B,No,Laptops
1049,UMER ABBAS,45,F,Lahore,1.9,Books,Skincare,6,,20,,bank transfer,2023-08-15,Pending,300,No,Very slow shipping,Branch_C,Yes,Skincare
1060,Umer Tariq,49,F,Multan,4.5,Sports,Fiction,6,45000,10,270000,easypaisa,2023-09-23,Delivered,500,Yes,Satisfied,Branch_A,No,Fiction
1063,Mahira Abbas,62,F,Lahore,1.4,Home & Kitchen,Shirts,5,,10%,,COD,2023-01-12,Returned,300,Yes,Worst experience,Branch_B,Yes,Shirts
1065,Sania Aslam,33,F,Peshawar,1.7,Clothing,Laptops,6,5300,5,31800,jazzcash,2023-09-01,Delivered,200,Yes,Satisfied,Branch_B,No,Laptops
1068,Fahad Mustafa,39,M,Rawalpindi,1.4,Books,Fitness,6,18000,20,108000,easypaisa,2023-02-10,Returned,500,No,Excellent product!,Branch_B,No,Fitness
1071,UMER FAROOQ,29,M,Rawalpindi,2.4,Books,Fiction,6,45000,10,270000,Credit Card,2023-10-25,Cancelled,200,No,Excellent product!,Branch_A,No,Fiction
1072,Fahad Mustafa,43,F,Islamabad,2.9,Electronics,Laptops,8,4100,15%,32800,COD,2023-02-16,Shipped,0,No,Okayish,Branch_B,No,Laptops
1075,FAWAD RIAZ,39,M,Lahore,2.9,Beauty,Fiction,5,9500,0%,47500,jazzcash,2023-12-27,Cancelled,250,No,Excellent product!,Branch_A,Yes,Fiction
1080,FAHAD ABBAS,64,F,Karachi,3.3,Electronics,Fiction,6,15000,25,90000,Credit Card,2023-02-14,Cancelled,250,Yes,Excellent product!,Branch_B,Yes,Fiction
1082,  ali mustafa  ,63,F,Karachi,2.3,Sports,Shirts,3,1800,10,5400,COD,2023-03-12,Delivered,250,No,Very slow shipping,Branch_A,Yes,Shirts
1083,Mahira Hayat,22,M,Peshawar,4.6,Beauty,Fitness,5,2500,0%,12500,bank transfer,2023-10-04,Pending,200,No,Very slow shipping,Branch_C,No,Fitness
1086, Ali Umar ,43,F,Peshawar,3.0,Sports,Skincare,5,4100,30,20500,COD,2023-07-12,Pending,0,No,Okayish,Branch_A,No,Skincare
1093,  ali riaz  ,54,F,Peshawar,4.4,Home & Kitchen,Shoes,6,9500,30,57000,Credit Card,2023-06-09,Returned,500,No,Good quality,Branch_A,No,Shoes
1096,Sara Ali,22,F,Karachi,1.2,Electronics,Laptops,8,5300,5,42400,jazzcash,2023-01-26,Pending,300,No,Excellent product!,Branch_C,Yes,Laptops
1097,Saba Bibi,53,M,Peshawar,4.4,Books,Shirts,6,4100,5,24600,easypaisa,2023-04-18,Returned,0,Yes,Valuable,Branch_A,Yes,Shirts
1097,Saba Bibi,53,M,Peshawar,4.4,Books,Shirts,6,4100,5,24600,easypaisa,2023-04-18,Returned,0,Yes,Valuable,Branch_A,Yes,Shirts
